log_timestamp_verbose,log_timestamp_posix,timestamp_verbose,timestamp_posix,interval_sec,msg_source,msg_type,msg_count,msg_served,msg_rejected
2025-11-15 13:09:58.666344,1763237398.666339,2025-11-15 20:09:58.665,1763237398.665916,300.0,speedway-mountain,SRM,0,0,0
2025-11-15 13:09:58.667391,1763237398.6673882,2025-11-15 20:09:58.667,1763237398.667197,300.0,speedway-mountain,SSM,291,NA,NA
2025-11-15 13:09:58.667419,1763237398.6674185,2025-11-15 20:09:58.667,1763237398.66733,300.0,speedway-mountain,MAP,0,NA,NA
2025-11-15 13:09:58.667436,1763237398.667436,2025-11-15 20:09:58.667,1763237398.667365,300.0,speedway-mountain,SPaT,0,NA,NA
2025-11-15 13:14:58.794806,1763237698.7947989,2025-11-15 20:14:58.794,1763237698.794291,300.0,speedway-mountain,SRM,0,0,0
2025-11-15 13:14:58.795386,1763237698.7953825,2025-11-15 20:14:58.795,1763237698.795276,300.0,speedway-mountain,SSM,299,NA,NA
2025-11-15 13:14:58.795428,1763237698.7954276,2025-11-15 20:14:58.795,1763237698.795334,300.0,speedway-mountain,MAP,0,NA,NA
2025-11-15 13:14:58.795445,1763237698.795445,2025-11-15 20:14:58.795,1763237698.795374,300.0,speedway-mountain,SPaT,0,NA,NA
2025-11-15 13:19:58.444624,1763237998.4446177,2025-11-15 20:19:58.444,1763237998.444358,300.0,speedway-mountain,SSM,299,NA,NA
2025-11-15 13:19:58.444710,1763237998.4447086,2025-11-15 20:19:58.444,1763237998.444471,300.0,speedway-mountain,MAP,0,NA,NA
2025-11-15 13:19:58.444750,1763237998.4447484,2025-11-15 20:19:58.444,1763237998.444559,300.0,speedway-mountain,SPaT,0,NA,NA
2025-11-15 13:19:59.467254,1763237999.4672441,2025-11-15 20:19:59.466,1763237999.466983,300.0,speedway-mountain,SRM,0,0,0
2025-11-15 13:24:58.091044,1763238298.09104,2025-11-15 20:24:58.90,1763238298.090839,300.0,speedway-mountain,SSM,299,NA,NA
2025-11-15 13:24:58.091089,1763238298.0910885,2025-11-15 20:24:58.90,1763238298.09092,300.0,speedway-mountain,MAP,0,NA,NA
2025-11-15 13:24:58.091107,1763238298.091107,2025-11-15 20:24:58.90,1763238298.090979,300.0,speedway-mountain,SPaT,0,NA,NA
2025-11-15 13:25:00.138706,1763238300.1386995,2025-11-15 20:25:00.138,1763238300.138363,300.0,speedway-mountain,SRM,0,0,0
2025-11-15 13:29:58.923994,1763238598.9239874,2025-11-15 20:29:58.923,1763238598.923763,300.0,speedway-mountain,SSM,300,NA,NA
2025-11-15 13:29:58.924079,1763238598.9240775,2025-11-15 20:29:58.923,1763238598.923891,300.0,speedway-mountain,MAP,0,NA,NA
2025-11-15 13:29:58.924120,1763238598.924119,2025-11-15 20:29:58.923,1763238598.923981,300.0,speedway-mountain,SPaT,0,NA,NA
2025-11-15 13:30:01.802307,1763238601.8023012,2025-11-15 20:30:01.801,1763238601.801986,300.0,speedway-mountain,SRM,0,0,0
2025-11-15 13:34:58.762872,1763238898.76287,2025-11-15 20:34:58.762,1763238898.762673,300.0,speedway-mountain,SSM,300,NA,NA
2025-11-15 13:34:58.762912,1763238898.762912,2025-11-15 20:34:58.762,1763238898.762736,300.0,speedway-mountain,MAP,0,NA,NA
2025-11-15 13:34:58.762932,1763238898.7629313,2025-11-15 20:34:58.762,1763238898.76277,300.0,speedway-mountain,SPaT,0,NA,NA
2025-11-15 13:35:02.699247,1763238902.6992402,2025-11-15 20:35:02.698,1763238902.698985,300.0,speedway-mountain,SRM,0,0,0
2025-11-15 13:39:58.541174,1763239198.5411665,2025-11-15 20:39:58.540,1763239198.540948,300.0,speedway-mountain,SSM,299,NA,NA
2025-11-15 13:39:58.541271,1763239198.5412686,2025-11-15 20:39:58.541,1763239198.54109,300.0,speedway-mountain,MAP,0,NA,NA
2025-11-15 13:39:58.541316,1763239198.5413146,2025-11-15 20:39:58.541,1763239198.541195,300.0,speedway-mountain,SPaT,0,NA,NA
2025-11-15 13:40:03.468983,1763239203.4689713,2025-11-15 20:40:03.468,1763239203.468415,300.0,speedway-mountain,SRM,0,0,0
2025-11-15 13:44:58.252256,1763239498.2522538,2025-11-15 20:44:58.252,1763239498.25216,300.0,speedway-mountain,SSM,299,NA,NA
2025-11-15 13:44:58.252292,1763239498.2522917,2025-11-15 20:44:58.252,1763239498.25221,300.0,speedway-mountain,MAP,0,NA,NA
2025-11-15 13:44:58.252309,1763239498.2523081,2025-11-15 20:44:58.252,1763239498.252244,300.0,speedway-mountain,SPaT,0,NA,NA
2025-11-15 13:45:04.235996,1763239504.2359881,2025-11-15 20:45:04.235,1763239504.23576,300.0,speedway-mountain,SRM,0,0,0
2025-11-15 13:49:58.027049,1763239798.027043,2025-11-15 20:49:58.26,1763239798.026852,300.0,speedway-mountain,SSM,299,NA,NA
2025-11-15 13:49:58.027121,1763239798.02712,2025-11-15 20:49:58.26,1763239798.026942,300.0,speedway-mountain,MAP,0,NA,NA
2025-11-15 13:49:58.027151,1763239798.0271497,2025-11-15 20:49:58.27,1763239798.027006,300.0,speedway-mountain,SPaT,0,NA,NA
2025-11-15 13:50:05.003206,1763239805.0031998,2025-11-15 20:50:05.2,1763239805.002803,300.0,speedway-mountain,SRM,0,0,0
2025-11-15 13:54:58.827313,1763240098.827311,2025-11-15 20:54:58.827,1763240098.827245,300.0,speedway-mountain,SSM,300,NA,NA
2025-11-15 13:54:58.827343,1763240098.8273427,2025-11-15 20:54:58.827,1763240098.827293,300.0,speedway-mountain,MAP,0,NA,NA
2025-11-15 13:54:58.827359,1763240098.8273582,2025-11-15 20:54:58.827,1763240098.827328,300.0,speedway-mountain,SPaT,0,NA,NA
2025-11-15 13:55:05.836163,1763240105.8361561,2025-11-15 20:55:05.835,1763240105.835837,300.0,speedway-mountain,SRM,0,0,0
2025-11-15 13:59:58.634805,1763240398.6348019,2025-11-15 20:59:58.634,1763240398.634662,300.0,speedway-mountain,SSM,299,NA,NA
2025-11-15 13:59:58.634847,1763240398.634846,2025-11-15 20:59:58.634,1763240398.634722,300.0,speedway-mountain,MAP,0,NA,NA
2025-11-15 13:59:58.634866,1763240398.634865,2025-11-15 20:59:58.634,1763240398.634762,300.0,speedway-mountain,SPaT,0,NA,NA
2025-11-15 14:00:06.635099,1763240406.6350927,2025-11-15 21:00:06.634,1763240406.634711,300.0,speedway-mountain,SRM,0,0,0
2025-11-15 14:04:58.284330,1763240698.2843227,2025-11-15 21:04:58.284,1763240698.284196,300.0,speedway-mountain,SSM,299,NA,NA
2025-11-15 14:04:58.284388,1763240698.2843876,2025-11-15 21:04:58.284,1763240698.284244,300.0,speedway-mountain,MAP,0,NA,NA
2025-11-15 14:04:58.284405,1763240698.2844048,2025-11-15 21:04:58.284,1763240698.284278,300.0,speedway-mountain,SPaT,0,NA,NA
2025-11-15 14:05:09.226762,1763240709.2267542,2025-11-15 21:05:09.226,1763240709.226479,300.0,speedway-mountain,SRM,0,0,0
2025-11-15 14:09:58.059922,1763240998.0599167,2025-11-15 21:09:58.59,1763240998.059677,300.0,speedway-mountain,SSM,299,NA,NA
2025-11-15 14:09:58.060017,1763240998.0600154,2025-11-15 21:09:58.59,1763240998.059728,300.0,speedway-mountain,MAP,0,NA,NA
2025-11-15 14:09:58.060058,1763240998.0600567,2025-11-15 21:09:58.59,1763240998.059765,300.0,speedway-mountain,SPaT,0,NA,NA
2025-11-15 14:10:09.998693,1763241009.9986868,2025-11-15 21:10:09.998,1763241009.998315,300.0,speedway-mountain,SRM,0,0,0
2025-11-15 14:14:58.730820,1763241298.7308173,2025-11-15 21:14:58.730,1763241298.730631,300.0,speedway-mountain,SSM,300,NA,NA
2025-11-15 14:14:58.730856,1763241298.7308555,2025-11-15 21:14:58.730,1763241298.730682,300.0,speedway-mountain,MAP,0,NA,NA
2025-11-15 14:14:58.730872,1763241298.730872,2025-11-15 21:14:58.730,1763241298.730715,300.0,speedway-mountain,SPaT,0,NA,NA
2025-11-15 14:15:10.667681,1763241310.6676748,2025-11-15 21:15:10.667,1763241310.667472,300.0,speedway-mountain,SRM,0,0,0
2025-11-15 14:19:58.347336,1763241598.3473294,2025-11-15 21:19:58.347,1763241598.347254,300.0,speedway-mountain,SSM,299,NA,NA
2025-11-15 14:19:58.347388,1763241598.3473873,2025-11-15 21:19:58.347,1763241598.347307,300.0,speedway-mountain,MAP,0,NA,NA
2025-11-15 14:19:58.347405,1763241598.347405,2025-11-15 21:19:58.347,1763241598.347348,300.0,speedway-mountain,SPaT,0,NA,NA
2025-11-15 14:20:11.306826,1763241611.3068175,2025-11-15 21:20:11.306,1763241611.30626,300.0,speedway-mountain,SRM,0,0,0
2025-11-15 14:24:58.987834,1763241898.987833,2025-11-15 21:24:58.987,1763241898.987776,300.0,speedway-mountain,SSM,300,NA,NA
2025-11-15 14:24:58.987860,1763241898.98786,2025-11-15 21:24:58.987,1763241898.987824,300.0,speedway-mountain,MAP,0,NA,NA
2025-11-15 14:24:58.987893,1763241898.987893,2025-11-15 21:24:58.987,1763241898.987859,300.0,speedway-mountain,SPaT,0,NA,NA
2025-11-15 14:25:11.950526,1763241911.9505203,2025-11-15 21:25:11.950,1763241911.950318,300.0,speedway-mountain,SRM,0,0,0
2025-11-15 14:29:58.634843,1763242198.6348424,2025-11-15 21:29:58.634,1763242198.634783,300.0,speedway-mountain,SSM,299,NA,NA
2025-11-15 14:29:58.634872,1763242198.6348712,2025-11-15 21:29:58.634,1763242198.634831,300.0,speedway-mountain,MAP,0,NA,NA
2025-11-15 14:29:58.634898,1763242198.6348975,2025-11-15 21:29:58.634,1763242198.634864,300.0,speedway-mountain,SPaT,0,NA,NA
2025-11-15 14:30:12.618806,1763242212.6188,2025-11-15 21:30:12.618,1763242212.618495,300.0,speedway-mountain,SRM,0,0,0
2025-11-15 14:34:58.254789,1763242498.2547867,2025-11-15 21:34:58.254,1763242498.254601,300.0,speedway-mountain,SSM,300,NA,NA
2025-11-15 14:34:58.254828,1763242498.2548277,2025-11-15 21:34:58.254,1763242498.254651,300.0,speedway-mountain,MAP,0,NA,NA
2025-11-15 14:34:58.254845,1763242498.2548444,2025-11-15 21:34:58.254,1763242498.254689,300.0,speedway-mountain,SPaT,0,NA,NA
2025-11-15 14:35:13.291533,1763242513.2915263,2025-11-15 21:35:13.291,1763242513.291339,300.0,speedway-mountain,SRM,0,0,0
2025-11-15 14:39:58.987349,1763242798.987347,2025-11-15 21:39:58.987,1763242798.987256,300.0,speedway-mountain,SSM,300,NA,NA
2025-11-15 14:39:58.987384,1763242798.987384,2025-11-15 21:39:58.987,1763242798.987308,300.0,speedway-mountain,MAP,0,NA,NA
2025-11-15 14:39:58.987401,1763242798.9874003,2025-11-15 21:39:58.987,1763242798.987343,300.0,speedway-mountain,SPaT,0,NA,NA
2025-11-15 14:40:13.995362,1763242813.9953547,2025-11-15 21:40:13.995,1763242813.995034,300.0,speedway-mountain,SRM,0,0,0
2025-11-15 14:44:58.731829,1763243098.7318268,2025-11-15 21:44:58.731,1763243098.731749,300.0,speedway-mountain,SSM,299,NA,NA
2025-11-15 14:44:58.731868,1763243098.7318678,2025-11-15 21:44:58.731,1763243098.7318,300.0,speedway-mountain,MAP,0,NA,NA
2025-11-15 14:44:58.731887,1763243098.7318864,2025-11-15 21:44:58.731,1763243098.731836,300.0,speedway-mountain,SPaT,0,NA,NA
2025-11-15 14:45:14.763105,1763243114.7630973,2025-11-15 21:45:14.762,1763243114.762721,300.0,speedway-mountain,SRM,0,0,0
2025-11-15 14:49:58.443076,1763243398.4430735,2025-11-15 21:49:58.442,1763243398.442897,300.0,speedway-mountain,SSM,299,NA,NA
2025-11-15 14:49:58.443114,1763243398.4431136,2025-11-15 21:49:58.442,1763243398.442946,300.0,speedway-mountain,MAP,0,NA,NA
2025-11-15 14:49:58.443130,1763243398.44313,2025-11-15 21:49:58.442,1763243398.44298,300.0,speedway-mountain,SPaT,0,NA,NA
2025-11-15 14:50:15.530991,1763243415.5309849,2025-11-15 21:50:15.530,1763243415.530677,300.0,speedway-mountain,SRM,0,0,0
2025-11-15 14:54:58.059875,1763243698.059872,2025-11-15 21:54:58.59,1763243698.059771,300.0,speedway-mountain,SSM,299,NA,NA
2025-11-15 14:54:58.059925,1763243698.059924,2025-11-15 21:54:58.59,1763243698.05984,300.0,speedway-mountain,MAP,0,NA,NA
2025-11-15 14:54:58.059949,1763243698.0599477,2025-11-15 21:54:58.59,1763243698.059889,300.0,speedway-mountain,SPaT,0,NA,NA
2025-11-15 14:55:16.140223,1763243716.1402173,2025-11-15 21:55:16.139,1763243716.139652,300.0,speedway-mountain,SRM,0,0,0
2025-11-15 14:59:58.731301,1763243998.731299,2025-11-15 21:59:58.731,1763243998.731188,300.0,speedway-mountain,SSM,300,NA,NA
2025-11-15 14:59:58.731337,1763243998.7313366,2025-11-15 21:59:58.731,1763243998.73125,300.0,speedway-mountain,MAP,0,NA,NA
2025-11-15 14:59:58.731355,1763243998.7313545,2025-11-15 21:59:58.731,1763243998.731284,300.0,speedway-mountain,SPaT,0,NA,NA
2025-11-15 15:00:17.674639,1763244017.6746325,2025-11-15 22:00:17.674,1763244017.674386,300.0,speedway-mountain,SRM,0,0,0
2025-11-15 15:04:58.475133,1763244298.4751308,2025-11-15 22:04:58.475,1763244298.475061,300.0,speedway-mountain,SSM,299,NA,NA
2025-11-15 15:04:58.475324,1763244298.4753227,2025-11-15 22:04:58.475,1763244298.475276,300.0,speedway-mountain,MAP,0,NA,NA
2025-11-15 15:04:58.475393,1763244298.4753926,2025-11-15 22:04:58.475,1763244298.475355,300.0,speedway-mountain,SPaT,0,NA,NA
2025-11-15 15:05:18.442578,1763244318.4425724,2025-11-15 22:05:18.442,1763244318.442338,300.0,speedway-mountain,SRM,0,0,0
2025-11-15 15:09:58.380828,1763244598.3808255,2025-11-15 22:09:58.380,1763244598.380615,300.0,speedway-mountain,SSM,299,NA,NA
2025-11-15 15:09:58.380870,1763244598.3808696,2025-11-15 22:09:58.380,1763244598.38066,300.0,speedway-mountain,MAP,0,NA,NA
2025-11-15 15:09:58.380886,1763244598.380886,2025-11-15 22:09:58.380,1763244598.380706,300.0,speedway-mountain,SPaT,0,NA,NA
2025-11-15 15:10:19.371898,1763244619.371892,2025-11-15 22:10:19.370,1763244619.370452,300.0,speedway-mountain,SRM,0,0,0
2025-11-15 15:14:59.020749,1763244899.020747,2025-11-15 22:14:59.20,1763244899.020611,300.0,speedway-mountain,SSM,300,NA,NA
2025-11-15 15:14:59.020787,1763244899.0207868,2025-11-15 22:14:59.20,1763244899.020678,300.0,speedway-mountain,MAP,0,NA,NA
2025-11-15 15:14:59.020805,1763244899.0208046,2025-11-15 22:14:59.20,1763244899.020712,300.0,speedway-mountain,SPaT,0,NA,NA
2025-11-15 15:15:20.011316,1763244920.0113106,2025-11-15 22:15:20.10,1763244920.010916,300.0,speedway-mountain,SRM,0,0,0
2025-11-15 15:19:59.691016,1763245199.691014,2025-11-15 22:19:59.690,1763245199.690894,300.0,speedway-mountain,SSM,300,NA,NA
2025-11-15 15:19:59.691055,1763245199.6910548,2025-11-15 22:19:59.690,1763245199.690945,300.0,speedway-mountain,MAP,0,NA,NA
2025-11-15 15:19:59.691072,1763245199.6910717,2025-11-15 22:19:59.690,1763245199.69098,300.0,speedway-mountain,SPaT,0,NA,NA
2025-11-15 15:20:20.682331,1763245220.6823258,2025-11-15 22:20:20.681,1763245220.681891,300.0,speedway-mountain,SRM,0,0,0
2025-11-15 15:24:59.371955,1763245499.371953,2025-11-15 22:24:59.371,1763245499.371803,300.0,speedway-mountain,SSM,300,NA,NA
2025-11-15 15:24:59.371992,1763245499.3719919,2025-11-15 22:24:59.371,1763245499.371854,300.0,speedway-mountain,MAP,0,NA,NA
2025-11-15 15:24:59.372009,1763245499.3720086,2025-11-15 22:24:59.371,1763245499.371889,300.0,speedway-mountain,SPaT,0,NA,NA
2025-11-15 15:25:21.386739,1763245521.3867288,2025-11-15 22:25:21.386,1763245521.386514,300.0,speedway-mountain,SRM,0,0,0
2025-11-15 15:29:59.084019,1763245799.0840166,2025-11-15 22:29:59.83,1763245799.083892,300.0,speedway-mountain,SSM,300,NA,NA
2025-11-15 15:29:59.084056,1763245799.0840552,2025-11-15 22:29:59.83,1763245799.08394,300.0,speedway-mountain,MAP,0,NA,NA
2025-11-15 15:29:59.084072,1763245799.0840719,2025-11-15 22:29:59.83,1763245799.083974,300.0,speedway-mountain,SPaT,0,NA,NA
2025-11-15 15:30:22.092013,1763245822.0920072,2025-11-15 22:30:22.91,1763245822.091382,300.0,speedway-mountain,SRM,0,0,0
2025-11-15 15:34:59.819738,1763246099.8197355,2025-11-15 22:34:59.819,1763246099.819639,300.0,speedway-mountain,SSM,300,NA,NA
2025-11-15 15:34:59.819777,1763246099.8197763,2025-11-15 22:34:59.819,1763246099.819688,300.0,speedway-mountain,MAP,0,NA,NA
2025-11-15 15:34:59.819795,1763246099.8197947,2025-11-15 22:34:59.819,1763246099.819723,300.0,speedway-mountain,SPaT,0,NA,NA
2025-11-15 15:35:22.826264,1763246122.8262584,2025-11-15 22:35:22.826,1763246122.826074,300.0,speedway-mountain,SRM,0,0,0
2025-11-15 15:39:59.530744,1763246399.530742,2025-11-15 22:39:59.530,1763246399.530556,300.0,speedway-mountain,SSM,299,NA,NA
2025-11-15 15:39:59.530782,1763246399.5307815,2025-11-15 22:39:59.530,1763246399.530615,300.0,speedway-mountain,MAP,0,NA,NA
2025-11-15 15:39:59.530799,1763246399.5307987,2025-11-15 22:39:59.530,1763246399.53065,300.0,speedway-mountain,SPaT,0,NA,NA
2025-11-15 15:40:23.594420,1763246423.5944138,2025-11-15 22:40:23.593,1763246423.593833,300.0,speedway-mountain,SRM,0,0,0
2025-11-15 15:44:59.276112,1763246699.2761064,2025-11-15 22:44:59.275,1763246699.275926,300.0,speedway-mountain,SSM,299,NA,NA
2025-11-15 15:44:59.276182,1763246699.2761807,2025-11-15 22:44:59.276,1763246699.276038,300.0,speedway-mountain,MAP,0,NA,NA
2025-11-15 15:44:59.276216,1763246699.276215,2025-11-15 22:44:59.276,1763246699.276112,300.0,speedway-mountain,SPaT,0,NA,NA
2025-11-15 15:45:25.228475,1763246725.228469,2025-11-15 22:45:25.228,1763246725.228169,300.0,speedway-mountain,SRM,0,0,0
2025-11-15 15:49:59.148419,1763246999.1484172,2025-11-15 22:49:59.148,1763246999.148288,300.0,speedway-mountain,SSM,299,NA,NA
2025-11-15 15:49:59.148451,1763246999.148451,2025-11-15 22:49:59.148,1763246999.148335,300.0,speedway-mountain,MAP,0,NA,NA
2025-11-15 15:49:59.148468,1763246999.1484675,2025-11-15 22:49:59.148,1763246999.148372,300.0,speedway-mountain,SPaT,0,NA,NA
2025-11-15 15:50:26.154699,1763247026.1546924,2025-11-15 22:50:26.154,1763247026.154315,300.0,speedway-mountain,SRM,0,0,0
2025-11-15 15:54:59.148398,1763247299.1483946,2025-11-15 22:54:59.148,1763247299.148133,300.0,speedway-mountain,SSM,299,NA,NA
2025-11-15 15:54:59.148443,1763247299.1484423,2025-11-15 22:54:59.148,1763247299.148184,300.0,speedway-mountain,MAP,0,NA,NA
2025-11-15 15:54:59.148462,1763247299.1484618,2025-11-15 22:54:59.148,1763247299.148219,300.0,speedway-mountain,SPaT,0,NA,NA
2025-11-15 15:55:27.178558,1763247327.1785529,2025-11-15 22:55:27.178,1763247327.178299,300.0,speedway-mountain,SRM,0,0,0
2025-11-15 15:59:59.787240,1763247599.7872398,2025-11-15 22:59:59.787,1763247599.78718,300.0,speedway-mountain,SSM,300,NA,NA
2025-11-15 15:59:59.787266,1763247599.7872653,2025-11-15 22:59:59.787,1763247599.787228,300.0,speedway-mountain,MAP,0,NA,NA
2025-11-15 15:59:59.787297,1763247599.787297,2025-11-15 22:59:59.787,1763247599.787262,300.0,speedway-mountain,SPaT,0,NA,NA
2025-11-15 16:00:27.755580,1763247627.7555735,2025-11-15 23:00:27.755,1763247627.755037,300.0,speedway-mountain,SRM,0,0,0
2025-11-15 16:04:59.370970,1763247899.370968,2025-11-15 23:04:59.370,1763247899.370821,300.0,speedway-mountain,SSM,299,NA,NA
2025-11-15 16:04:59.371013,1763247899.3710122,2025-11-15 23:04:59.370,1763247899.370879,300.0,speedway-mountain,MAP,0,NA,NA
2025-11-15 16:04:59.371029,1763247899.3710284,2025-11-15 23:04:59.370,1763247899.370914,300.0,speedway-mountain,SPaT,0,NA,NA
2025-11-15 16:05:29.292031,1763247929.292025,2025-11-15 23:05:29.291,1763247929.291711,300.0,speedway-mountain,SRM,0,0,0
2025-11-15 16:09:59.054129,1763248199.0541272,2025-11-15 23:09:59.53,1763248199.053322,300.0,speedway-mountain,SSM,299,NA,NA
2025-11-15 16:09:59.054160,1763248199.05416,2025-11-15 23:09:59.53,1763248199.053652,300.0,speedway-mountain,MAP,0,NA,NA
2025-11-15 16:09:59.054180,1763248199.0541794,2025-11-15 23:09:59.53,1763248199.053697,300.0,speedway-mountain,SPaT,0,NA,NA
2025-11-15 16:10:30.027250,1763248230.0272446,2025-11-15 23:10:30.26,1763248230.026977,300.0,speedway-mountain,SRM,0,0,0
2025-11-15 16:14:59.852428,1763248499.8524258,2025-11-15 23:14:59.852,1763248499.852347,300.0,speedway-mountain,SSM,300,NA,NA
2025-11-15 16:14:59.852468,1763248499.852468,2025-11-15 23:14:59.852,1763248499.852397,300.0,speedway-mountain,MAP,0,NA,NA
2025-11-15 16:14:59.852487,1763248499.8524866,2025-11-15 23:14:59.852,1763248499.852431,300.0,speedway-mountain,SPaT,0,NA,NA
2025-11-15 16:15:30.795059,1763248530.7950525,2025-11-15 23:15:30.794,1763248530.794737,300.0,speedway-mountain,SRM,0,0,0
2025-11-15 16:19:59.533757,1763248799.5337503,2025-11-15 23:19:59.533,1763248799.533455,300.0,speedway-mountain,SSM,299,NA,NA
2025-11-15 16:19:59.534193,1763248799.5341904,2025-11-15 23:19:59.533,1763248799.533635,300.0,speedway-mountain,MAP,0,NA,NA
2025-11-15 16:19:59.534305,1763248799.5343025,2025-11-15 23:19:59.534,1763248799.534173,300.0,speedway-mountain,SPaT,0,NA,NA
2025-11-15 16:20:31.530688,1763248831.5306816,2025-11-15 23:20:31.530,1763248831.530376,300.0,speedway-mountain,SRM,0,0,0
2025-11-15 16:24:59.308816,1763249099.3088133,2025-11-15 23:24:59.308,1763249099.308736,300.0,speedway-mountain,SSM,299,NA,NA
2025-11-15 16:24:59.308853,1763249099.3088524,2025-11-15 23:24:59.308,1763249099.308794,300.0,speedway-mountain,MAP,0,NA,NA
2025-11-15 16:24:59.308870,1763249099.3088696,2025-11-15 23:24:59.308,1763249099.308829,300.0,speedway-mountain,SPaT,0,NA,NA
2025-11-15 16:25:32.330630,1763249132.3306234,2025-11-15 23:25:32.330,1763249132.330041,300.0,speedway-mountain,SRM,0,0,0
2025-11-15 16:30:00.012450,1763249400.0124476,2025-11-15 23:30:00.12,1763249400.012236,300.0,speedway-mountain,SSM,300,NA,NA
2025-11-15 16:30:00.012487,1763249400.0124867,2025-11-15 23:30:00.12,1763249400.012298,300.0,speedway-mountain,MAP,0,NA,NA
2025-11-15 16:30:00.012507,1763249400.0125072,2025-11-15 23:30:00.12,1763249400.012334,300.0,speedway-mountain,SPaT,0,NA,NA
2025-11-15 16:30:33.034783,1763249433.034777,2025-11-15 23:30:33.34,1763249433.03448,300.0,speedway-mountain,SRM,0,0,0
2025-11-15 16:35:00.577194,1763249700.57719,2025-11-15 23:35:00.576,1763249700.576968,300.0,speedway-mountain,SSM,300,NA,NA
2025-11-15 16:35:00.577261,1763249700.5772598,2025-11-15 23:35:00.577,1763249700.577046,300.0,speedway-mountain,MAP,0,NA,NA
2025-11-15 16:35:00.577292,1763249700.5772908,2025-11-15 23:35:00.577,1763249700.577114,300.0,speedway-mountain,SPaT,0,NA,NA
2025-11-15 16:35:33.771902,1763249733.7718956,2025-11-15 23:35:33.771,1763249733.771436,300.0,speedway-mountain,SRM,0,0,0
2025-11-15 16:40:00.270482,1763250000.2704809,2025-11-15 23:40:00.270,1763250000.270417,300.0,speedway-mountain,SSM,299,NA,NA
2025-11-15 16:40:00.270522,1763250000.2705212,2025-11-15 23:40:00.270,1763250000.270466,300.0,speedway-mountain,MAP,0,NA,NA
2025-11-15 16:40:00.270539,1763250000.2705386,2025-11-15 23:40:00.270,1763250000.2705,300.0,speedway-mountain,SPaT,0,NA,NA
2025-11-15 16:40:34.476040,1763250034.4760332,2025-11-15 23:40:34.475,1763250034.475641,300.0,speedway-mountain,SRM,0,0,0
2025-11-15 16:45:00.042630,1763250300.0426283,2025-11-15 23:45:00.42,1763250300.042521,300.0,speedway-mountain,SSM,299,NA,NA
2025-11-15 16:45:00.042666,1763250300.0426655,2025-11-15 23:45:00.42,1763250300.042573,300.0,speedway-mountain,MAP,0,NA,NA
2025-11-15 16:45:00.042682,1763250300.0426822,2025-11-15 23:45:00.42,1763250300.042606,300.0,speedway-mountain,SPaT,0,NA,NA
2025-11-15 16:45:35.082273,1763250335.0822625,2025-11-15 23:45:35.81,1763250335.081858,300.0,speedway-mountain,SRM,0,0,0
2025-11-15 16:50:00.472800,1763250600.4727976,2025-11-15 23:50:00.472,1763250600.472731,300.0,speedway-mountain,SSM,300,NA,NA
2025-11-15 16:50:00.472971,1763250600.4729707,2025-11-15 23:50:00.472,1763250600.472933,300.0,speedway-mountain,MAP,0,NA,NA
2025-11-15 16:50:00.473025,1763250600.473025,2025-11-15 23:50:00.472,1763250600.472995,300.0,speedway-mountain,SPaT,0,NA,NA
2025-11-15 16:50:35.689980,1763250635.689974,2025-11-15 23:50:35.689,1763250635.689774,300.0,speedway-mountain,SRM,0,0,0
2025-11-15 16:55:00.221660,1763250900.2216594,2025-11-15 23:55:00.221,1763250900.221533,300.0,speedway-mountain,SSM,299,NA,NA
2025-11-15 16:55:00.221687,1763250900.221687,2025-11-15 23:55:00.221,1763250900.221615,300.0,speedway-mountain,MAP,0,NA,NA
2025-11-15 16:55:00.221703,1763250900.2217023,2025-11-15 23:55:00.221,1763250900.221651,300.0,speedway-mountain,SPaT,0,NA,NA
2025-11-15 16:55:37.326883,1763250937.326877,2025-11-15 23:55:37.326,1763250937.326623,300.0,speedway-mountain,SRM,0,0,0
2025-11-15 17:00:00.841240,1763251200.8412375,2025-11-16 00:00:00.841,1763251200.841164,300.0,speedway-mountain,SSM,300,NA,NA
2025-11-15 17:00:00.841314,1763251200.8413138,2025-11-16 00:00:00.841,1763251200.84128,300.0,speedway-mountain,MAP,0,NA,NA
2025-11-15 17:00:00.841375,1763251200.8413746,2025-11-16 00:00:00.841,1763251200.841337,300.0,speedway-mountain,SPaT,0,NA,NA
2025-11-15 17:00:37.930584,1763251237.930578,2025-11-16 00:00:37.930,1763251237.930397,300.0,speedway-mountain,SRM,0,0,0
2025-11-15 17:05:00.551357,1763251500.5513546,2025-11-16 00:05:00.551,1763251500.551284,300.0,speedway-mountain,SSM,299,NA,NA
2025-11-15 17:05:00.551392,1763251500.551392,2025-11-16 00:05:00.551,1763251500.551331,300.0,speedway-mountain,MAP,0,NA,NA
2025-11-15 17:05:00.551410,1763251500.5514095,2025-11-16 00:05:00.551,1763251500.551365,300.0,speedway-mountain,SPaT,0,NA,NA
2025-11-15 17:05:38.667544,1763251538.667538,2025-11-16 00:05:38.666,1763251538.666899,300.0,speedway-mountain,SRM,0,0,0
2025-11-15 17:10:00.207058,1763251800.2070553,2025-11-16 00:10:00.206,1763251800.206877,300.0,speedway-mountain,SSM,299,NA,NA
2025-11-15 17:10:00.207099,1763251800.2070987,2025-11-16 00:10:00.206,1763251800.206926,300.0,speedway-mountain,MAP,0,NA,NA
2025-11-15 17:10:00.207116,1763251800.2071154,2025-11-16 00:10:00.206,1763251800.20696,300.0,speedway-mountain,SPaT,0,NA,NA
2025-11-15 17:10:39.370431,1763251839.3704243,2025-11-16 00:10:39.370,1763251839.370245,300.0,speedway-mountain,SRM,0,0,0
2025-11-15 17:15:00.044480,1763252100.0444744,2025-11-16 00:15:00.44,1763252100.044194,300.0,speedway-mountain,SSM,299,NA,NA
2025-11-15 17:15:00.044555,1763252100.044554,2025-11-16 00:15:00.44,1763252100.044301,300.0,speedway-mountain,MAP,0,NA,NA
2025-11-15 17:15:00.044602,1763252100.0446005,2025-11-16 00:15:00.44,1763252100.044381,300.0,speedway-mountain,SPaT,0,NA,NA
2025-11-15 17:15:40.042849,1763252140.0428436,2025-11-16 00:15:40.42,1763252140.042602,300.0,speedway-mountain,SRM,0,0,0
2025-11-15 17:20:00.543365,1763252400.5433633,2025-11-16 00:20:00.543,1763252400.543179,300.0,speedway-mountain,SSM,300,NA,NA
2025-11-15 17:20:00.543402,1763252400.5434015,2025-11-16 00:20:00.543,1763252400.543227,300.0,speedway-mountain,MAP,0,NA,NA
2025-11-15 17:20:00.543418,1763252400.5434177,2025-11-16 00:20:00.543,1763252400.543261,300.0,speedway-mountain,SPaT,0,NA,NA
2025-11-15 17:20:40.746071,1763252440.7460644,2025-11-16 00:20:40.745,1763252440.745737,300.0,speedway-mountain,SRM,0,0,0
2025-11-15 17:25:00.227525,1763252700.2275226,2025-11-16 00:25:00.227,1763252700.227446,300.0,speedway-mountain,SSM,299,NA,NA
2025-11-15 17:25:00.227561,1763252700.2275605,2025-11-16 00:25:00.227,1763252700.227494,300.0,speedway-mountain,MAP,0,NA,NA
2025-11-15 17:25:00.227578,1763252700.2275777,2025-11-16 00:25:00.227,1763252700.227528,300.0,speedway-mountain,SPaT,0,NA,NA
2025-11-15 17:25:41.420702,1763252741.4206953,2025-11-16 00:25:41.420,1763252741.42034,300.0,speedway-mountain,SRM,0,0,0
2025-11-15 17:30:00.836574,1763253000.8365726,2025-11-16 00:30:00.836,1763253000.836511,300.0,speedway-mountain,SSM,300,NA,NA
2025-11-15 17:30:00.836598,1763253000.8365977,2025-11-16 00:30:00.836,1763253000.83656,300.0,speedway-mountain,MAP,0,NA,NA
2025-11-15 17:30:00.836629,1763253000.8366287,2025-11-16 00:30:00.836,1763253000.836594,300.0,speedway-mountain,SPaT,0,NA,NA
2025-11-15 17:30:42.028125,1763253042.0281143,2025-11-16 00:30:42.27,1763253042.027393,300.0,speedway-mountain,SRM,0,0,0
2025-11-15 17:35:00.440697,1763253300.4406939,2025-11-16 00:35:00.440,1763253300.440493,300.0,speedway-mountain,SSM,299,NA,NA
2025-11-15 17:35:00.440743,1763253300.4407423,2025-11-16 00:35:00.440,1763253300.440549,300.0,speedway-mountain,MAP,0,NA,NA
2025-11-15 17:35:00.440761,1763253300.4407609,2025-11-16 00:35:00.440,1763253300.440588,300.0,speedway-mountain,SPaT,0,NA,NA
2025-11-15 17:35:42.635502,1763253342.6354961,2025-11-16 00:35:42.635,1763253342.635301,300.0,speedway-mountain,SRM,0,0,0
2025-11-15 17:40:00.171010,1763253600.1710072,2025-11-16 00:40:00.170,1763253600.170795,300.0,speedway-mountain,SSM,300,NA,NA
2025-11-15 17:40:00.171049,1763253600.1710482,2025-11-16 00:40:00.170,1763253600.170856,300.0,speedway-mountain,MAP,0,NA,NA
2025-11-15 17:40:00.171066,1763253600.1710656,2025-11-16 00:40:00.170,1763253600.170897,300.0,speedway-mountain,SPaT,0,NA,NA
2025-11-15 17:40:43.306781,1763253643.3067746,2025-11-16 00:40:43.306,1763253643.306402,300.0,speedway-mountain,SRM,0,0,0
2025-11-15 17:45:00.781335,1763253900.7813323,2025-11-16 00:45:00.781,1763253900.78117,300.0,speedway-mountain,SSM,300,NA,NA
2025-11-15 17:45:00.781373,1763253900.781372,2025-11-16 00:45:00.781,1763253900.781225,300.0,speedway-mountain,MAP,0,NA,NA
2025-11-15 17:45:00.781389,1763253900.781389,2025-11-16 00:45:00.781,1763253900.78126,300.0,speedway-mountain,SPaT,0,NA,NA
2025-11-15 17:45:44.042741,1763253944.042735,2025-11-16 00:45:44.42,1763253944.042421,300.0,speedway-mountain,SRM,0,0,0
2025-11-15 17:50:00.506118,1763254200.5061166,2025-11-16 00:50:00.506,1763254200.50604,300.0,speedway-mountain,SSM,299,NA,NA
2025-11-15 17:50:00.506151,1763254200.5061505,2025-11-16 00:50:00.506,1763254200.506092,300.0,speedway-mountain,MAP,0,NA,NA
2025-11-15 17:50:00.506167,1763254200.5061665,2025-11-16 00:50:00.506,1763254200.506127,300.0,speedway-mountain,SPaT,0,NA,NA
2025-11-15 17:50:45.611697,1763254245.6116865,2025-11-16 00:50:45.610,1763254245.610977,300.0,speedway-mountain,SRM,0,0,0
2025-11-15 17:55:00.203404,1763254500.2033932,2025-11-16 00:55:00.203,1763254500.203162,300.0,speedway-mountain,SSM,299,NA,NA
2025-11-15 17:55:00.203459,1763254500.2034585,2025-11-16 00:55:00.203,1763254500.203212,300.0,speedway-mountain,MAP,0,NA,NA
2025-11-15 17:55:00.203479,1763254500.2034786,2025-11-16 00:55:00.203,1763254500.203246,300.0,speedway-mountain,SPaT,0,NA,NA
2025-11-15 17:55:46.218086,1763254546.2180796,2025-11-16 00:55:46.217,1763254546.21776,300.0,speedway-mountain,SRM,0,0,0
2025-11-15 18:00:00.811886,1763254800.8118837,2025-11-16 01:00:00.811,1763254800.81176,300.0,speedway-mountain,SSM,301,NA,NA
2025-11-15 18:00:00.811925,1763254800.811925,2025-11-16 01:00:00.811,1763254800.811808,300.0,speedway-mountain,MAP,0,NA,NA
2025-11-15 18:00:00.811942,1763254800.8119419,2025-11-16 01:00:00.811,1763254800.811842,300.0,speedway-mountain,SPaT,0,NA,NA
2025-11-15 18:00:46.955036,1763254846.955029,2025-11-16 01:00:46.954,1763254846.9547,300.0,speedway-mountain,SRM,0,0,0
2025-11-15 18:05:00.503259,1763255100.503257,2025-11-16 01:05:00.503,1763255100.50309,300.0,speedway-mountain,SSM,299,NA,NA
2025-11-15 18:05:00.503304,1763255100.5033035,2025-11-16 01:05:00.503,1763255100.503142,300.0,speedway-mountain,MAP,0,NA,NA
2025-11-15 18:05:00.503321,1763255100.5033212,2025-11-16 01:05:00.503,1763255100.503176,300.0,speedway-mountain,SPaT,0,NA,NA
2025-11-15 18:05:47.690975,1763255147.690969,2025-11-16 01:05:47.690,1763255147.690582,300.0,speedway-mountain,SRM,0,0,0
2025-11-15 18:10:00.268070,1763255400.2680678,2025-11-16 01:10:00.267,1763255400.267898,300.0,speedway-mountain,SSM,301,NA,NA
2025-11-15 18:10:00.268111,1763255400.2681103,2025-11-16 01:10:00.267,1763255400.26795,300.0,speedway-mountain,MAP,0,NA,NA
2025-11-15 18:10:00.268128,1763255400.2681282,2025-11-16 01:10:00.267,1763255400.267988,300.0,speedway-mountain,SPaT,0,NA,NA
2025-11-15 18:10:48.298114,1763255448.2981057,2025-11-16 01:10:48.297,1763255448.29782,300.0,speedway-mountain,SRM,0,0,0
